"For security reasons this checkout has been paused. Please contact us to complete your order.","For security reasons this checkout has been paused. Please contact us to complete your order."
"Carding Prevention","Carding Prevention"
"Log Only (do not block)","Log Only (do not block)"
"Max order attempts per checkout session","Max order attempts per checkout session"
"Max order attempts per IP per window","Max order attempts per IP per window"
"Max payment-method saves per IP per window","Max payment-method saves per IP per window"
"Counting window (minutes)","Counting window (minutes)"
"Block duration (minutes)","Block duration (minutes)"
"Never throttle these IPs","Never throttle these IPs"
"Trust CF-Connecting-IP header","Trust CF-Connecting-IP header"
"Too many sign-in attempts from your connection. Please try again later.","Too many sign-in attempts from your connection. Please try again later."
"Max login attempts per IP per window","Max login attempts per IP per window"
"Please complete the security check below and submit your order again.","Please complete the security check below and submit your order again."
"When a limit is exceeded","When a limit is exceeded"
"Block the address","Block the address"
"Require Turnstile (adaptive)","Require Turnstile (adaptive)"
"Store-wide breaker (adaptive challenge)","Store-wide breaker (adaptive challenge)"
